Parameter,Mean_Mero_NLC,Mean_Mero_Thyme_NLC,P_value,Cohens_d
Particle size (nm),179,140,0.013365368671607343,10.816653826391969
PDI,0.28,0.215,0.054664263871498656,5.813776741499463
Zeta potential (mV),-17.5,-24.5,0.010050506338833457,9.899494936611665
Encapsulation efficiency (%),62,80,0.006116265326381101,-12.727922061357855
