Formulation,n,mean,sd,label
Mero_NLC,2,179,4.242640687119285,179.0 ± 4.2
Mero+Thyme_NLC,2,140,2.8284271247461903,140.0 ± 2.8
