Formulation,n,mean_size,sd_size
Mero+Thyme_NLC,2,140,2.8284271247461903
Mero_NLC,2,179,4.242640687119285
